dh_deplete,h_crit,K_asp_eff,mu_boundary,A_close_max,A_close_mean,A_close_over_Afilm_max,A_close_over_Afilm_mean,Fn_asp_max,Fn_asp_mean,Fn_asp_over_Fnref_max,Fn_asp_over_Fnref_mean,Ft_fluid_max,Ft_asp_max,Ft_total_max,mu_TFF_alt_max,mu_total_max,mu_total_mean,mu_total_forward_mean,mu_total_reverse_mean,theta_min,pfilm_max,PARAM_SCORE,PASS_LEVEL,FAIL_REASON
2.300,0.700,5.000,0.100,3.98039948173e-06,3.11977508245e-06,0.0454532609108,0.0356255575493,0.00000000000,0.00000000000,0.00000000000,0.00000000000,6.23313681838e-05,0.00000000000,6.23313681838e-05,0.00207771227279,0.00207771227279,0.000311884318289,0.00159840713123,0.00159840713123,0.100145674579,137336.440741,1.62296730178,FAIL,COF_FAIL;LOAD_FAIL;SIGN_FAIL;
2.300,0.700,5.000,0.150,3.98039948173e-06,3.11977508245e-06,0.0454532609108,0.0356255575493,0.00000000000,0.00000000000,0.00000000000,0.00000000000,6.23313681838e-05,0.00000000000,6.23313681838e-05,0.00207771227279,0.00207771227279,0.000311884318289,0.00159840713123,0.00159840713123,0.100145674579,137336.440741,1.62296730178,FAIL,COF_FAIL;LOAD_FAIL;SIGN_FAIL;
2.300,0.700,5.000,0.200,3.98039948173e-06,3.11977508245e-06,0.0454532609108,0.0356255575493,0.00000000000,0.00000000000,0.00000000000,0.00000000000,6.23313681838e-05,0.00000000000,6.23313681838e-05,0.00207771227279,0.00207771227279,0.000311884318289,0.00159840713123,0.00159840713123,0.100145674579,137336.440741,1.62296730178,FAIL,COF_FAIL;LOAD_FAIL;SIGN_FAIL;
2.300,0.700,7.500,0.100,3.98039948173e-06,3.11977508245e-06,0.0454532609108,0.0356255575493,0.00000000000,0.00000000000,0.00000000000,0.00000000000,6.23313681838e-05,0.00000000000,6.23313681838e-05,0.00207771227279,0.00207771227279,0.000311884318289,0.00159840713123,0.00159840713123,0.100145674579,137336.440741,1.62296730178,FAIL,COF_FAIL;LOAD_FAIL;SIGN_FAIL;
2.300,0.700,7.500,0.150,3.98039948173e-06,3.11977508245e-06,0.0454532609108,0.0356255575493,0.00000000000,0.00000000000,0.00000000000,0.00000000000,6.23313681838e-05,0.00000000000,6.23313681838e-05,0.00207771227279,0.00207771227279,0.000311884318289,0.00159840713123,0.00159840713123,0.100145674579,137336.440741,1.62296730178,FAIL,COF_FAIL;LOAD_FAIL;SIGN_FAIL;
2.300,0.700,7.500,0.200,3.98039948173e-06,3.11977508245e-06,0.0454532609108,0.0356255575493,0.00000000000,0.00000000000,0.00000000000,0.00000000000,6.23313681838e-05,0.00000000000,6.23313681838e-05,0.00207771227279,0.00207771227279,0.000311884318289,0.00159840713123,0.00159840713123,0.100145674579,137336.440741,1.62296730178,FAIL,COF_FAIL;LOAD_FAIL;SIGN_FAIL;
2.300,0.700,10.000,0.100,3.98039948173e-06,3.11977508245e-06,0.0454532609108,0.0356255575493,0.00000000000,0.00000000000,0.00000000000,0.00000000000,6.23313681838e-05,0.00000000000,6.23313681838e-05,0.00207771227279,0.00207771227279,0.000311884318289,0.00159840713123,0.00159840713123,0.100145674579,137336.440741,1.62296730178,FAIL,COF_FAIL;LOAD_FAIL;SIGN_FAIL;
2.300,0.700,10.000,0.150,3.98039948173e-06,3.11977508245e-06,0.0454532609108,0.0356255575493,0.00000000000,0.00000000000,0.00000000000,0.00000000000,6.23313681838e-05,0.00000000000,6.23313681838e-05,0.00207771227279,0.00207771227279,0.000311884318289,0.00159840713123,0.00159840713123,0.100145674579,137336.440741,1.62296730178,FAIL,COF_FAIL;LOAD_FAIL;SIGN_FAIL;
2.300,0.700,10.000,0.200,3.98039948173e-06,3.11977508245e-06,0.0454532609108,0.0356255575493,0.00000000000,0.00000000000,0.00000000000,0.00000000000,6.23313681838e-05,0.00000000000,6.23313681838e-05,0.00207771227279,0.00207771227279,0.000311884318289,0.00159840713123,0.00159840713123,0.100145674579,137336.440741,1.62296730178,FAIL,COF_FAIL;LOAD_FAIL;SIGN_FAIL;
2.300,0.700,12.500,0.100,3.98039948173e-06,3.11977508245e-06,0.0454532609108,0.0356255575493,0.00000000000,0.00000000000,0.00000000000,0.00000000000,6.23313681838e-05,0.00000000000,6.23313681838e-05,0.00207771227279,0.00207771227279,0.000311884318289,0.00159840713123,0.00159840713123,0.100145674579,137336.440741,1.62296730178,FAIL,COF_FAIL;LOAD_FAIL;SIGN_FAIL;
2.300,0.700,12.500,0.150,3.98039948173e-06,3.11977508245e-06,0.0454532609108,0.0356255575493,0.00000000000,0.00000000000,0.00000000000,0.00000000000,6.23313681838e-05,0.00000000000,6.23313681838e-05,0.00207771227279,0.00207771227279,0.000311884318289,0.00159840713123,0.00159840713123,0.100145674579,137336.440741,1.62296730178,FAIL,COF_FAIL;LOAD_FAIL;SIGN_FAIL;
2.300,0.700,12.500,0.200,3.98039948173e-06,3.11977508245e-06,0.0454532609108,0.0356255575493,0.00000000000,0.00000000000,0.00000000000,0.00000000000,6.23313681838e-05,0.00000000000,6.23313681838e-05,0.00207771227279,0.00207771227279,0.000311884318289,0.00159840713123,0.00159840713123,0.100145674579,137336.440741,1.62296730178,FAIL,COF_FAIL;LOAD_FAIL;SIGN_FAIL;
2.300,0.700,15.000,0.100,3.98039948173e-06,3.11977508245e-06,0.0454532609108,0.0356255575493,0.00000000000,0.00000000000,0.00000000000,0.00000000000,6.23313681838e-05,0.00000000000,6.23313681838e-05,0.00207771227279,0.00207771227279,0.000311884318289,0.00159840713123,0.00159840713123,0.100145674579,137336.440741,1.62296730178,FAIL,COF_FAIL;LOAD_FAIL;SIGN_FAIL;
2.300,0.700,15.000,0.150,3.98039948173e-06,3.11977508245e-06,0.0454532609108,0.0356255575493,0.00000000000,0.00000000000,0.00000000000,0.00000000000,6.23313681838e-05,0.00000000000,6.23313681838e-05,0.00207771227279,0.00207771227279,0.000311884318289,0.00159840713123,0.00159840713123,0.100145674579,137336.440741,1.62296730178,FAIL,COF_FAIL;LOAD_FAIL;SIGN_FAIL;
2.300,0.700,15.000,0.200,3.98039948173e-06,3.11977508245e-06,0.0454532609108,0.0356255575493,0.00000000000,0.00000000000,0.00000000000,0.00000000000,6.23313681838e-05,0.00000000000,6.23313681838e-05,0.00207771227279,0.00207771227279,0.000311884318289,0.00159840713123,0.00159840713123,0.100145674579,137336.440741,1.62296730178,FAIL,COF_FAIL;LOAD_FAIL;SIGN_FAIL;
2.300,0.800,5.000,0.100,8.02780738953e-06,6.34940638389e-06,0.0916717092073,0.0725055930492,0.00398646280668,0.00313843131241,0.132882093556,0.104614377080,6.23313681838e-05,0.000173478789830,0.000210089107038,0.00207771227279,0.00700297023461,0.00107061461190,0.00548689988599,0.00548689988599,0.100145674579,137336.440741,1.20491436716,FAIL,COF_FAIL;
2.300,0.800,5.000,0.150,8.02780738953e-06,6.34940638389e-06,0.0916717092073,0.0725055930492,0.00398646280668,0.00313843131241,0.132882093556,0.104614377080,6.23313681838e-05,0.000260218184745,0.000296626064849,0.00207771227279,0.00988753549498,0.00144997975871,0.00743114626337,0.00743114626337,0.100145674579,137336.440741,1.17606871456,FAIL,COF_FAIL;
2.300,0.800,5.000,0.200,8.02780738953e-06,6.34940638389e-06,0.0916717092073,0.0725055930492,0.00398646280668,0.00313843131241,0.132882093556,0.104614377080,6.23313681838e-05,0.000346957579660,0.000383365459765,0.00207771227279,0.0127788486588,0.00182934490551,0.00937539264075,0.00937539264075,0.100145674579,137336.440741,1.14715558292,FAIL,COF_FAIL;
2.300,0.800,7.500,0.100,8.02780738953e-06,6.34940638389e-06,0.0916717092073,0.0725055930492,0.00597969421001,0.00470764696862,0.199323140334,0.156921565621,6.23313681838e-05,0.000260218184745,0.000296626064849,0.00207771227279,0.00988753549498,0.00144997975871,0.00743114626337,0.00743114626337,0.100145674579,137336.440741,1.17606871456,FAIL,COF_FAIL;
2.300,0.800,7.500,0.150,8.02780738953e-06,6.34940638389e-06,0.0916717092073,0.0725055930492,0.00597969421001,0.00470764696862,0.199323140334,0.156921565621,6.23313681838e-05,0.000390327277118,0.000426735157222,0.00207771227279,0.0142245052407,0.00201902747891,0.0103475158294,0.0103475158294,0.100145674579,137336.440741,1.13269901710,FAIL,COF_FAIL;
2.300,0.800,7.500,0.200,8.02780738953e-06,6.34940638389e-06,0.0916717092073,0.0725055930492,0.00597969421001,0.00470764696862,0.199323140334,0.156921565621,6.23313681838e-05,0.000520436369490,0.000556844249595,0.00207771227279,0.0185614749865,0.00258807519912,0.0132638853955,0.0132638853955,0.100145674579,137336.440741,1.08932931964,FAIL,COF_FAIL;
2.300,0.800,10.000,0.100,8.02780738953e-06,6.34940638389e-06,0.0916717092073,0.0725055930492,0.00797292561335,0.00627686262483,0.265764187112,0.209228754161,6.23313681838e-05,0.000346957579660,0.000383365459765,0.00207771227279,0.0127788486588,0.00182934490551,0.00937539264075,0.00937539264075,0.100145674579,137336.440741,1.14715558292,FAIL,COF_FAIL;
2.300,0.800,10.000,0.150,8.02780738953e-06,6.34940638389e-06,0.0916717092073,0.0725055930492,0.00797292561335,0.00627686262483,0.265764187112,0.209228754161,6.23313681838e-05,0.000520436369490,0.000556844249595,0.00207771227279,0.0185614749865,0.00258807519912,0.0132638853955,0.0132638853955,0.100145674579,137336.440741,1.08932931964,FAIL,COF_FAIL;
2.300,0.800,10.000,0.200,8.02780738953e-06,6.34940638389e-06,0.0916717092073,0.0725055930492,0.00797292561335,0.00627686262483,0.265764187112,0.209228754161,6.23313681838e-05,0.000693915159320,0.000730323039425,0.00207771227279,0.0243441013142,0.00334680549274,0.0171523781503,0.0171523781503,0.100145674579,137336.440741,1.03150305637,FAIL,COF_FAIL;
2.300,0.800,12.500,0.100,8.02780738953e-06,6.34940638389e-06,0.0916717092073,0.0725055930492,0.00996615701669,0.00784607828104,0.332205233890,0.261535942701,6.23313681838e-05,0.000433696974575,0.000470104854680,0.00207771227279,0.0156701618227,0.00220871005232,0.0113196390181,0.0113196390181,0.100145674579,137336.440741,1.11824245128,FAIL,COF_FAIL;
2.300,0.800,12.500,0.150,8.02780738953e-06,6.34940638389e-06,0.0916717092073,0.0725055930492,0.00996615701669,0.00784607828104,0.332205233890,0.261535942701,6.23313681838e-05,0.000650545461863,0.000686953341967,0.00207771227279,0.0228984447322,0.00315712291933,0.0161802549616,0.0161802549616,0.100145674579,137336.440741,1.04595962219,FAIL,COF_FAIL;
2.300,0.800,12.500,0.200,8.02780738953e-06,6.34940638389e-06,0.0916717092073,0.0725055930492,0.00996615701669,0.00784607828104,0.332205233890,0.261535942701,6.23313681838e-05,0.000867393949150,0.000903801829255,0.00207771227279,0.0301267276418,0.00410553578635,0.0210408709050,0.0210408709050,0.100145674579,137336.440741,0.973676793089,FAIL,COF_FAIL;
2.300,0.800,15.000,0.100,8.02780738953e-06,6.34940638389e-06,0.0916717092073,0.0725055930492,0.0119593884200,0.00941529393724,0.398646280668,0.313843131241,6.23313681838e-05,0.000520436369490,0.000556844249595,0.00207771227279,0.0185614749865,0.00258807519912,0.0132638853955,0.0132638853955,0.100145674579,137336.440741,1.08932931964,FAIL,COF_FAIL;
2.300,0.800,15.000,0.150,8.02780738953e-06,6.34940638389e-06,0.0916717092073,0.0725055930492,0.0119593884200,0.00941529393724,0.398646280668,0.313843131241,6.23313681838e-05,0.000780654554235,0.000817062434340,0.00207771227279,0.0272354144780,0.00372617063954,0.0190966245276,0.0190966245276,0.100145674579,137336.440741,1.00258992473,FAIL,COF_FAIL;
2.300,0.800,15.000,0.200,8.02780738953e-06,6.34940638389e-06,0.0916717092073,0.0725055930492,0.0119593884200,0.00941529393724,0.398646280668,0.313843131241,6.23313681838e-05,0.00104087273898,0.00107728061908,0.00207771227279,0.0359093539695,0.00486426607996,0.0249293636598,0.0249293636598,0.100145674579,137336.440741,0.915850529813,FAIL,COF_FAIL;
2.300,0.900,5.000,0.100,8.06455389447e-06,6.40315249532e-06,0.0920913275105,0.0731193344682,0.00799179019434,0.00633142882987,0.266393006478,0.211047627662,6.23313681838e-05,0.000347134763187,0.000383542643291,0.00207771227279,0.0127847547764,0.00183420276289,0.00940028915982,0.00940028915982,0.100145674579,137336.440741,1.14095910755,FAIL,COF_FAIL;
2.300,0.900,5.000,0.150,8.06455389447e-06,6.40315249532e-06,0.0920913275105,0.0731193344682,0.00799179019434,0.00633142882987,0.266393006478,0.211047627662,6.23313681838e-05,0.000520702144780,0.000557110024884,0.00207771227279,0.0185703341628,0.00259536198519,0.0133012301741,0.0133012301741,0.100145674579,137336.440741,1.08310331369,FAIL,COF_FAIL;
2.300,0.900,5.000,0.200,8.06455389447e-06,6.40315249532e-06,0.0920913275105,0.0731193344682,0.00799179019434,0.00633142882987,0.266393006478,0.211047627662,6.23313681838e-05,0.000694269526373,0.000730677406478,0.00207771227279,0.0243559135493,0.00335652120750,0.0172021711884,0.0172021711884,0.100145674579,137336.440741,1.02524751983,FAIL,COF_FAIL;
2.300,0.900,7.500,0.100,8.06455389447e-06,6.40315249532e-06,0.0920913275105,0.0731193344682,0.0119876852915,0.00949714324481,0.399589509717,0.316571441494,6.23313681838e-05,0.000520702144780,0.000557110024884,0.00207771227279,0.0185703341628,0.00259536198519,0.0133012301741,0.0133012301741,0.100145674579,137336.440741,1.08310331369,FAIL,COF_FAIL;
2.300,0.900,7.500,0.150,8.06455389447e-06,6.40315249532e-06,0.0920913275105,0.0731193344682,0.0119876852915,0.00949714324481,0.399589509717,0.316571441494,6.23313681838e-05,0.000781053217170,0.000817461097274,0.00207771227279,0.0272487032425,0.00373710081865,0.0191526416956,0.0191526416956,0.100145674579,137336.440741,0.996319622894,FAIL,COF_FAIL;
2.300,0.900,7.500,0.200,8.06455389447e-06,6.40315249532e-06,0.0920913275105,0.0731193344682,0.0119876852915,0.00949714324481,0.399589509717,0.316571441494,6.23313681838e-05,0.00104140428956,0.00107781216966,0.00207771227279,0.0359270723221,0.00487883965210,0.0250040532170,0.0250040532170,0.100145674579,137336.440741,0.909535932097,FAIL,COF_FAIL;
2.300,0.900,10.000,0.100,8.06455389447e-06,6.40315249532e-06,0.0920913275105,0.0731193344682,0.0159835803887,0.0126628576597,0.532786012956,0.422095255325,6.23313681838e-05,0.000694269526373,0.000730677406478,0.00207771227279,0.0243559135493,0.00335652120750,0.0172021711884,0.0172021711884,0.100145674579,137336.440741,1.02524751983,FAIL,COF_FAIL;
2.300,0.900,10.000,0.150,8.06455389447e-06,6.40315249532e-06,0.0920913275105,0.0731193344682,0.0159835803887,0.0126628576597,0.532786012956,0.422095255325,6.23313681838e-05,0.00104140428956,0.00107781216966,0.00207771227279,0.0359270723221,0.00487883965210,0.0250040532170,0.0250040532170,0.100145674579,137336.440741,0.909535932097,FAIL,COF_FAIL;
2.300,0.900,10.000,0.200,8.06455389447e-06,6.40315249532e-06,0.0920913275105,0.0731193344682,0.0159835803887,0.0126628576597,0.532786012956,0.422095255325,6.23313681838e-05,0.00138853905275,0.00142494693285,0.00207771227279,0.0474982310950,0.00640115809670,0.0328059352456,0.0328059352456,0.100145674579,137336.440741,0.793824344368,FAIL,COF_FAIL;
2.300,0.900,12.500,0.100,8.06455389447e-06,6.40315249532e-06,0.0920913275105,0.0731193344682,0.0199794754858,0.0158285720747,0.665982516195,0.527619069156,6.23313681838e-05,0.000867836907967,0.000904244788071,0.00207771227279,0.0301414929357,0.00411768042980,0.0211031122027,0.0211031122027,0.100145674579,137336.440741,0.967391725961,FAIL,COF_FAIL;
2.300,0.900,12.500,0.150,8.06455389447e-06,6.40315249532e-06,0.0920913275105,0.0731193344682,0.0199794754858,0.0158285720747,0.665982516195,0.527619069156,6.23313681838e-05,0.00130175536195,0.00133816324205,0.00207771227279,0.0446054414018,0.00602057848555,0.0308554647385,0.0308554647385,0.100145674579,137336.440741,0.822752241300,FAIL,COF_FAIL;
2.300,0.900,12.500,0.200,8.06455389447e-06,6.40315249532e-06,0.0920913275105,0.0731193344682,0.0199794754858,0.0158285720747,0.665982516195,0.527619069156,6.23313681838e-05,0.00173567381593,0.00177208169604,0.00207771227279,0.0590693898679,0.00792347654131,0.0406078172742,0.0406078172742,0.100145674579,137336.440741,0.678112756639,STRONG_PASS,OK
2.300,0.900,15.000,0.100,8.06455389447e-06,6.40315249532e-06,0.0920913275105,0.0731193344682,0.0239753705830,0.0189942864896,0.799179019434,0.633142882987,6.23313681838e-05,0.00104140428956,0.00107781216966,0.00207771227279,0.0359270723221,0.00487883965210,0.0250040532170,0.0250040532170,0.100145674579,137336.440741,0.909535932097,FAIL,COF_FAIL;
2.300,0.900,15.000,0.150,8.06455389447e-06,6.40315249532e-06,0.0920913275105,0.0731193344682,0.0239753705830,0.0189942864896,0.799179019434,0.633142882987,6.23313681838e-05,0.00156210643434,0.00159851431444,0.00207771227279,0.0532838104815,0.00716231731901,0.0367068762599,0.0367068762599,0.100145674579,137336.440741,0.735968550504,STRONG_PASS,OK
2.300,0.900,15.000,0.200,8.06455389447e-06,6.40315249532e-06,0.0920913275105,0.0731193344682,0.0239753705830,0.0189942864896,0.799179019434,0.633142882987,6.23313681838e-05,0.00208280857912,0.00211921645922,0.00207771227279,0.0706405486408,0.00944579498591,0.0484096993028,0.0484096993028,0.100145674579,137336.440741,0.562401168910,STRONG_PASS,OK
2.300,1.000,5.000,0.100,8.09904763926e-06,6.43292114852e-06,0.0924852209348,0.0734592707904,0.0120170232442,0.00954050941529,0.400567441473,0.318016980510,6.23313681838e-05,0.000521240221590,0.000557648101694,0.00207771227279,0.0185882700565,0.00259848531111,0.0133172372194,0.0133172372194,0.100145674579,137336.440741,1.07952459153,FAIL,COF_FAIL;
2.300,1.000,5.000,0.150,8.09904763926e-06,6.43292114852e-06,0.0924852209348,0.0734592707904,0.0120170232442,0.00954050941529,0.400567441473,0.318016980510,6.23313681838e-05,0.000781860332385,0.000818268212489,0.00207771227279,0.0272756070830,0.00374178580752,0.0191766522636,0.0191766522636,0.100145674579,137336.440741,0.992651221266,FAIL,COF_FAIL;
2.300,1.000,5.000,0.200,8.09904763926e-06,6.43292114852e-06,0.0924852209348,0.0734592707904,0.0120170232442,0.00954050941529,0.400567441473,0.318016980510,6.23313681838e-05,0.00104248044318,0.00107888832328,0.00207771227279,0.0359629441095,0.00488508630393,0.0250360673077,0.0250360673077,0.100145674579,137336.440741,0.905777851001,FAIL,COF_FAIL;
2.300,1.000,7.500,0.100,8.09904763926e-06,6.43292114852e-06,0.0924852209348,0.0734592707904,0.0180255348663,0.0143107641229,0.600851162210,0.477025470765,6.23313681838e-05,0.000781860332385,0.000818268212489,0.00207771227279,0.0272756070830,0.00374178580752,0.0191766522636,0.0191766522636,0.100145674579,137336.440741,0.992651221266,FAIL,COF_FAIL;
2.300,1.000,7.500,0.150,8.09904763926e-06,6.43292114852e-06,0.0924852209348,0.0734592707904,0.0180255348663,0.0143107641229,0.600851162210,0.477025470765,6.23313681838e-05,0.00117279049858,0.00120919837868,0.00207771227279,0.0403066126227,0.00545673655214,0.0279657748297,0.0279657748297,0.100145674579,137336.440741,0.862341165869,FAIL,COF_FAIL;
2.300,1.000,7.500,0.200,8.09904763926e-06,6.43292114852e-06,0.0924852209348,0.0734592707904,0.0180255348663,0.0143107641229,0.600851162210,0.477025470765,6.23313681838e-05,0.00156372066477,0.00160012854487,0.00207771227279,0.0533376181624,0.00717168729676,0.0367548973959,0.0367548973959,0.100145674579,137336.440741,0.732031110471,STRONG_PASS,OK
2.300,1.000,10.000,0.100,8.09904763926e-06,6.43292114852e-06,0.0924852209348,0.0734592707904,0.0240340464884,0.0190810188306,0.801134882946,0.636033961019,6.23313681838e-05,0.00104248044318,0.00107888832328,0.00207771227279,0.0359629441095,0.00488508630393,0.0250360673077,0.0250360673077,0.100145674579,137336.440741,0.905777851001,FAIL,COF_FAIL;
2.300,1.000,10.000,0.150,8.09904763926e-06,6.43292114852e-06,0.0924852209348,0.0734592707904,0.0240340464884,0.0190810188306,0.801134882946,0.636033961019,6.23313681838e-05,0.00156372066477,0.00160012854487,0.00207771227279,0.0533376181624,0.00717168729676,0.0367548973959,0.0367548973959,0.100145674579,137336.440741,0.732031110471,STRONG_PASS,OK
2.300,1.000,10.000,0.200,8.09904763926e-06,6.43292114852e-06,0.0924852209348,0.0734592707904,0.0240340464884,0.0190810188306,0.801134882946,0.636033961019,6.23313681838e-05,0.00208496088636,0.00212136876646,0.00207771227279,0.0707122922154,0.00945828828958,0.0484737274841,0.0484737274841,0.100145674579,137336.440741,0.558284369941,STRONG_PASS,OK
2.300,1.000,12.500,0.100,8.09904763926e-06,6.43292114852e-06,0.0924852209348,0.0734592707904,0.0300425581105,0.0238512735382,1.00141860368,0.795042451274,6.23313681838e-05,0.00130310055397,0.00133950843408,0.00207771227279,0.0446502811360,0.00602838680034,0.0308954823518,0.0308954823518,0.100145674579,137336.440741,0.820323084419,FAIL,COF_FAIL;
2.300,1.000,12.500,0.150,8.09904763926e-06,6.43292114852e-06,0.0924852209348,0.0734592707904,0.0300425581105,0.0238512735382,1.00141860368,0.795042451274,6.23313681838e-05,0.00195465083096,0.00199105871107,0.00207771227279,0.0663686237022,0.00888663804137,0.0455440199620,0.0455440199620,0.100145674579,137336.440741,0.603139658757,STRONG_PASS,OK
2.300,1.000,12.500,0.200,8.09904763926e-06,6.43292114852e-06,0.0924852209348,0.0734592707904,0.0300425581105,0.0238512735382,1.00141860368,0.795042451274,6.23313681838e-05,0.00260620110795,0.00264260898805,0.00207771227279,0.0880869662684,0.0117448892824,0.0601925575723,0.0601925575723,0.100145674579,137336.440741,0.385956233095,STRONG_PASS,OK
2.300,1.000,15.000,0.100,8.09904763926e-06,6.43292114852e-06,0.0924852209348,0.0734592707904,0.0360510697326,0.0286215282459,1.20170232442,0.954050941529,6.23313681838e-05,0.00156372066477,0.00160012854487,0.00207771227279,0.0533376181624,0.00717168729676,0.0367548973959,0.0367548973959,0.100145674579,137336.440741,0.933733434891,STRONG_PASS,OK
2.300,1.000,15.000,0.150,8.09904763926e-06,6.43292114852e-06,0.0924852209348,0.0734592707904,0.0360510697326,0.0286215282459,1.20170232442,0.954050941529,6.23313681838e-05,0.00234558099715,0.00238198887726,0.00207771227279,0.0793996292419,0.0106015887860,0.0543331425282,0.0543331425282,0.100145674579,137336.440741,0.673113324096,STRONG_PASS,OK
2.300,1.000,15.000,0.200,8.09904763926e-06,6.43292114852e-06,0.0924852209348,0.0734592707904,0.0360510697326,0.0286215282459,1.20170232442,0.954050941529,6.23313681838e-05,0.00312744132954,0.00316384920964,0.00207771227279,0.105461640321,0.0140314902752,0.0719113876605,0.0719113876605,0.100145674579,137336.440741,0.521726019730,STRONG_PASS,OK
2.500,0.700,5.000,0.100,8.05424197456e-06,6.39799753732e-06,0.0919735729011,0.0730604686051,0.00798714170945,0.00632523515003,0.266238056982,0.210841171668,6.23313681838e-05,0.000347119723905,0.000383527604010,0.00207771227279,0.0127842534670,0.00183378999208,0.00939817370942,0.00939817370942,0.100145674579,137336.440741,1.14155277928,FAIL,COF_FAIL;
2.500,0.700,5.000,0.150,8.05424197456e-06,6.39799753732e-06,0.0919735729011,0.0730604686051,0.00798714170945,0.00632523515003,0.266238056982,0.210841171668,6.23313681838e-05,0.000520679585858,0.000557087465962,0.00207771227279,0.0185695821987,0.00259474282898,0.0132980569985,0.0132980569985,0.100145674579,137336.440741,1.08369949196,FAIL,COF_FAIL;
2.500,0.700,5.000,0.200,8.05424197456e-06,6.39799753732e-06,0.0919735729011,0.0730604686051,0.00798714170945,0.00632523515003,0.266238056982,0.210841171668,6.23313681838e-05,0.000694239447811,0.000730647327915,0.00207771227279,0.0243549109305,0.00335569566587,0.0171979402876,0.0171979402876,0.100145674579,137336.440741,1.02584620464,FAIL,COF_FAIL;
2.500,0.700,7.500,0.100,8.05424197456e-06,6.39799753732e-06,0.0919735729011,0.0730604686051,0.0119807125642,0.00948785272504,0.399357085472,0.316261757501,6.23313681838e-05,0.000520679585858,0.000557087465962,0.00207771227279,0.0185695821987,0.00259474282898,0.0132980569985,0.0132980569985,0.100145674579,137336.440741,1.08369949196,FAIL,COF_FAIL;
2.500,0.700,7.500,0.150,8.05424197456e-06,6.39799753732e-06,0.0919735729011,0.0730604686051,0.0119807125642,0.00948785272504,0.399357085472,0.316261757501,6.23313681838e-05,0.000781019378787,0.000817427258891,0.00207771227279,0.0272475752964,0.00373617208432,0.0191478819322,0.0191478819322,0.100145674579,137336.440741,0.996919560985,FAIL,COF_FAIL;
2.500,0.700,7.500,0.200,8.05424197456e-06,6.39799753732e-06,0.0919735729011,0.0730604686051,0.0119807125642,0.00948785272504,0.399357085472,0.316261757501,6.23313681838e-05,0.00104135917172,0.00107776705182,0.00207771227279,0.0359255683940,0.00487760133967,0.0249977068658,0.0249977068658,0.100145674579,137336.440741,0.910139630009,FAIL,COF_FAIL;
2.500,0.700,10.000,0.100,8.05424197456e-06,6.39799753732e-06,0.0919735729011,0.0730604686051,0.0159742834189,0.0126504703001,0.532476113963,0.421682343335,6.23313681838e-05,0.000694239447811,0.000730647327915,0.00207771227279,0.0243549109305,0.00335569566587,0.0171979402876,0.0171979402876,0.100145674579,137336.440741,1.02584620464,FAIL,COF_FAIL;
2.500,0.700,10.000,0.150,8.05424197456e-06,6.39799753732e-06,0.0919735729011,0.0730604686051,0.0159742834189,0.0126504703001,0.532476113963,0.421682343335,6.23313681838e-05,0.00104135917172,0.00107776705182,0.00207771227279,0.0359255683940,0.00487760133967,0.0249977068658,0.0249977068658,0.100145674579,137336.440741,0.910139630009,FAIL,COF_FAIL;
2.500,0.700,10.000,0.200,8.05424197456e-06,6.39799753732e-06,0.0919735729011,0.0730604686051,0.0159742834189,0.0126504703001,0.532476113963,0.421682343335,6.23313681838e-05,0.00138847889562,0.00142488677573,0.00207771227279,0.0474962258575,0.00639950701346,0.0327974734440,0.0327974734440,0.100145674579,137336.440741,0.794433055374,FAIL,COF_FAIL;
2.500,0.700,12.500,0.100,8.05424197456e-06,6.39799753732e-06,0.0919735729011,0.0730604686051,0.0199678542736,0.0158130878751,0.665595142454,0.527102929169,6.23313681838e-05,0.000867799309763,0.000904207189868,0.00207771227279,0.0301402396623,0.00411664850277,0.0210978235767,0.0210978235767,0.100145674579,137336.440741,0.967992917326,FAIL,COF_FAIL;
2.500,0.700,12.500,0.150,8.05424197456e-06,6.39799753732e-06,0.0919735729011,0.0730604686051,0.0199678542736,0.0158130878751,0.665595142454,0.527102929169,6.23313681838e-05,0.00130169896465,0.00133810684475,0.00207771227279,0.0446035614917,0.00601903059501,0.0308475317994,0.0308475317994,0.100145674579,137336.440741,0.823359699033,FAIL,COF_FAIL;
2.500,0.700,12.500,0.200,8.05424197456e-06,6.39799753732e-06,0.0919735729011,0.0730604686051,0.0199678542736,0.0158130878751,0.665595142454,0.527102929169,6.23313681838e-05,0.00173559861953,0.00177200649963,0.00207771227279,0.0590668833210,0.00792141268725,0.0405972400222,0.0405972400222,0.100145674579,137336.440741,0.678726480739,STRONG_PASS,OK
2.500,0.700,15.000,0.100,8.05424197456e-06,6.39799753732e-06,0.0919735729011,0.0730604686051,0.0239614251283,0.0189757054501,0.798714170945,0.632523515003,6.23313681838e-05,0.00104135917172,0.00107776705182,0.00207771227279,0.0359255683940,0.00487760133967,0.0249977068658,0.0249977068658,0.100145674579,137336.440741,0.910139630009,FAIL,COF_FAIL;
2.500,0.700,15.000,0.150,8.05424197456e-06,6.39799753732e-06,0.0919735729011,0.0730604686051,0.0239614251283,0.0189757054501,0.798714170945,0.632523515003,6.23313681838e-05,0.00156203875757,0.00159844663768,0.00207771227279,0.0532815545893,0.00716045985036,0.0366973567331,0.0366973567331,0.100145674579,137336.440741,0.736579768056,STRONG_PASS,OK
2.500,0.700,15.000,0.200,8.05424197456e-06,6.39799753732e-06,0.0919735729011,0.0730604686051,0.0239614251283,0.0189757054501,0.798714170945,0.632523515003,6.23313681838e-05,0.00208271834343,0.00211912622354,0.00207771227279,0.0706375407846,0.00944331836104,0.0483970066004,0.0483970066004,0.100145674579,137336.440741,0.563019906104,STRONG_PASS,OK
2.500,0.800,5.000,0.100,8.09141373218e-06,6.42537738289e-06,0.0923980472800,0.0733731264852,0.0120119043730,0.00953183771743,0.400396812434,0.317727923914,6.23313681838e-05,0.000520876010043,0.000557283890148,0.00207771227279,0.0185761296716,0.00259746583157,0.0133120123868,0.0133120123868,0.100145674579,137336.440741,1.08050743843,FAIL,COF_FAIL;
2.500,0.800,5.000,0.150,8.09141373218e-06,6.42537738289e-06,0.0923980472800,0.0733731264852,0.0120119043730,0.00953183771743,0.400396812434,0.317727923914,6.23313681838e-05,0.000781314015065,0.000817721895169,0.00207771227279,0.0272573965056,0.00374025658820,0.0191688150145,0.0191688150145,0.100145674579,137336.440741,0.993694770091,FAIL,COF_FAIL;
2.500,0.800,5.000,0.200,8.09141373218e-06,6.42537738289e-06,0.0923980472800,0.0733731264852,0.0120119043730,0.00953183771743,0.400396812434,0.317727923914,6.23313681838e-05,0.00104175202009,0.00107815990019,0.00207771227279,0.0359386633397,0.00488304734484,0.0250256176423,0.0250256176423,0.100145674579,137336.440741,0.906882101751,FAIL,COF_FAIL;
2.500,0.800,7.500,0.100,8.09141373218e-06,6.42537738289e-06,0.0923980472800,0.0733731264852,0.0180178565595,0.0142977565761,0.600595218651,0.476591885872,6.23313681838e-05,0.000781314015065,0.000817721895169,0.00207771227279,0.0272573965056,0.00374025658820,0.0191688150145,0.0191688150145,0.100145674579,137336.440741,0.993694770091,FAIL,COF_FAIL;
2.500,0.800,7.500,0.150,8.09141373218e-06,6.42537738289e-06,0.0923980472800,0.0733731264852,0.0180178565595,0.0142977565761,0.600595218651,0.476591885872,6.23313681838e-05,0.00117197102260,0.00120837890270,0.00207771227279,0.0402792967567,0.00545444272316,0.0279540189562,0.0279540189562,0.100145674579,137336.440741,0.863475767581,FAIL,COF_FAIL;
2.500,0.800,7.500,0.200,8.09141373218e-06,6.42537738289e-06,0.0923980472800,0.0733731264852,0.0180178565595,0.0142977565761,0.600595218651,0.476591885872,6.23313681838e-05,0.00156262803013,0.00159903591023,0.00207771227279,0.0533011970078,0.00716862885812,0.0367392228979,0.0367392228979,0.100145674579,137336.440741,0.733256765070,STRONG_PASS,OK
2.500,0.800,10.000,0.100,8.09141373218e-06,6.42537738289e-06,0.0923980472800,0.0733731264852,0.0240238087460,0.0190636754349,0.800793624868,0.635455847829,6.23313681838e-05,0.00104175202009,0.00107815990019,0.00207771227279,0.0359386633397,0.00488304734484,0.0250256176423,0.0250256176423,0.100145674579,137336.440741,0.906882101751,FAIL,COF_FAIL;
2.500,0.800,10.000,0.150,8.09141373218e-06,6.42537738289e-06,0.0923980472800,0.0733731264852,0.0240238087460,0.0190636754349,0.800793624868,0.635455847829,6.23313681838e-05,0.00156262803013,0.00159903591023,0.00207771227279,0.0533011970078,0.00716862885812,0.0367392228979,0.0367392228979,0.100145674579,137336.440741,0.733256765070,STRONG_PASS,OK
2.500,0.800,10.000,0.200,8.09141373218e-06,6.42537738289e-06,0.0923980472800,0.0733731264852,0.0240238087460,0.0190636754349,0.800793624868,0.635455847829,6.23313681838e-05,0.00208350404017,0.00211991192028,0.00207771227279,0.0706637306759,0.00945421037140,0.0484528281534,0.0484528281534,0.100145674579,137336.440741,0.559631428389,STRONG_PASS,OK
2.500,0.800,12.500,0.100,8.09141373218e-06,6.42537738289e-06,0.0923980472800,0.0733731264852,0.0300297609326,0.0238295942936,1.00099203109,0.794319809786,6.23313681838e-05,0.00130219002511,0.00133859790521,0.00207771227279,0.0446199301737,0.00602583810148,0.0308824202701,0.0308824202701,0.100145674579,137336.440741,0.821061464496,FAIL,COF_FAIL;
2.500,0.800,12.500,0.150,8.09141373218e-06,6.42537738289e-06,0.0923980472800,0.0733731264852,0.0300297609326,0.0238295942936,1.00099203109,0.794319809786,6.23313681838e-05,0.00195328503766,0.00198969291777,0.00207771227279,0.0663230972589,0.00888281499308,0.0455244268395,0.0455244268395,0.100145674579,137336.440741,0.604029793644,STRONG_PASS,OK
2.500,0.800,12.500,0.200,8.09141373218e-06,6.42537738289e-06,0.0923980472800,0.0733731264852,0.0300297609326,0.0238295942936,1.00099203109,0.794319809786,6.23313681838e-05,0.00260438005022,0.00264078793032,0.00207771227279,0.0880262643440,0.0117397918847,0.0601664334090,0.0601664334090,0.100145674579,137336.440741,0.386998122793,STRONG_PASS,OK
2.500,0.800,15.000,0.100,8.09141373218e-06,6.42537738289e-06,0.0923980472800,0.0733731264852,0.0360357131191,0.0285955131523,1.20119043730,0.953183771743,6.23313681838e-05,0.00156262803013,0.00159903591023,0.00207771227279,0.0533011970078,0.00716862885812,0.0367392228979,0.0367392228979,0.100145674579,137336.440741,0.934447202372,STRONG_PASS,OK
2.500,0.800,15.000,0.150,8.09141373218e-06,6.42537738289e-06,0.0923980472800,0.0733731264852,0.0360357131191,0.0285955131523,1.20119043730,0.953183771743,6.23313681838e-05,0.00234394204519,0.00238034992530,0.00207771227279,0.0793449975100,0.0105970011280,0.0543096307812,0.0543096307812,0.100145674579,137336.440741,0.674009197350,STRONG_PASS,OK
2.500,0.800,15.000,0.200,8.09141373218e-06,6.42537738289e-06,0.0923980472800,0.0733731264852,0.0360357131191,0.0285955131523,1.20119043730,0.953183771743,6.23313681838e-05,0.00312525606026,0.00316166394036,0.00207771227279,0.105388798012,0.0140253733980,0.0718800386645,0.0718800386645,0.100145674579,137336.440741,0.521347152571,STRONG_PASS,OK
2.500,0.900,5.000,0.100,8.12894271576e-06,6.45249424336e-06,0.0928266009189,0.0736827812673,0.0160371629063,0.0127518570553,0.534572096877,0.425061901842,6.23313681838e-05,0.000696597576225,0.000733005456329,0.00207771227279,0.0244335152110,0.00336557348932,0.0172485641328,0.0172485641328,0.100145674579,137336.440741,1.01883703522,FAIL,COF_FAIL;
2.500,0.900,5.000,0.150,8.12894271576e-06,6.45249424336e-06,0.0928266009189,0.0736827812673,0.0160371629063,0.0127518570553,0.534572096877,0.425061901842,6.23313681838e-05,0.00104489636434,0.00108130424444,0.00207771227279,0.0360434748147,0.00489241807484,0.0250736426336,0.0250736426336,0.100145674579,137336.440741,0.902737439180,FAIL,COF_FAIL;
2.500,0.900,5.000,0.200,8.12894271576e-06,6.45249424336e-06,0.0928266009189,0.0736827812673,0.0160371629063,0.0127518570553,0.534572096877,0.425061901842,6.23313681838e-05,0.00139319515245,0.00142960303255,0.00207771227279,0.0476534344185,0.00641926266036,0.0328987211343,0.0328987211343,0.100145674579,137336.440741,0.786637843142,FAIL,COF_FAIL;
2.500,0.900,7.500,0.100,8.12894271576e-06,6.45249424336e-06,0.0928266009189,0.0736827812673,0.0240557443595,0.0191277855829,0.801858145316,0.637592852763,6.23313681838e-05,0.00104489636434,0.00108130424444,0.00207771227279,0.0360434748147,0.00489241807484,0.0250736426336,0.0250736426336,0.100145674579,137336.440741,0.902737439180,FAIL,COF_FAIL;
2.500,0.900,7.500,0.150,8.12894271576e-06,6.45249424336e-06,0.0928266009189,0.0736827812673,0.0240557443595,0.0191277855829,0.801858145316,0.637592852763,6.23313681838e-05,0.00156734454651,0.00160375242661,0.00207771227279,0.0534584142204,0.00718268495312,0.0368112603847,0.0368112603847,0.100145674579,137336.440741,0.728588045123,STRONG_PASS,OK
2.500,0.900,7.500,0.200,8.12894271576e-06,6.45249424336e-06,0.0928266009189,0.0736827812673,0.0240557443595,0.0191277855829,0.801858145316,0.637592852763,6.23313681838e-05,0.00208979272867,0.00212620060878,0.00207771227279,0.0708733536260,0.00947295183140,0.0485488781359,0.0485488781359,0.100145674579,137336.440741,0.554438651067,STRONG_PASS,OK
2.500,0.900,10.000,0.100,8.12894271576e-06,6.45249424336e-06,0.0928266009189,0.0736827812673,0.0320743258126,0.0255037141105,1.06914419375,0.850123803683,6.23313681838e-05,0.00139319515245,0.00142960303255,0.00207771227279,0.0476534344185,0.00641926266036,0.0328987211343,0.0328987211343,0.100145674579,137336.440741,0.855782036897,FAIL,COF_FAIL;
2.500,0.900,10.000,0.150,8.12894271576e-06,6.45249424336e-06,0.0928266009189,0.0736827812673,0.0320743258126,0.0255037141105,1.06914419375,0.850123803683,6.23313681838e-05,0.00208979272867,0.00212620060878,0.00207771227279,0.0708733536260,0.00947295183140,0.0485488781359,0.0485488781359,0.100145674579,137336.440741,0.623582844822,STRONG_PASS,OK
2.500,0.900,10.000,0.200,8.12894271576e-06,6.45249424336e-06,0.0928266009189,0.0736827812673,0.0320743258126,0.0255037141105,1.06914419375,0.850123803683,6.23313681838e-05,0.00278639030490,0.00282279818500,0.00207771227279,0.0940932728335,0.0125266410024,0.0641990351375,0.0641990351375,0.100145674579,137336.440741,0.391383652747,STRONG_PASS,OK
2.500,0.900,12.500,0.100,8.12894271576e-06,6.45249424336e-06,0.0928266009189,0.0736827812673,0.0400929072658,0.0318796426381,1.33643024219,1.06265475460,6.23313681838e-05,0.00174149394056,0.00177790182067,0.00207771227279,0.0592633940222,0.00794610724588,0.0407237996351,0.0407237996351,0.100145674579,137336.440741,1.00696848930,STRONG_PASS,OK
2.500,0.900,12.500,0.150,8.12894271576e-06,6.45249424336e-06,0.0928266009189,0.0736827812673,0.0400929072658,0.0318796426381,1.33643024219,1.06265475460,6.23313681838e-05,0.00261224091084,0.00264864879095,0.00207771227279,0.0882882930316,0.0117632187097,0.0602864958871,0.0602864958871,0.100145674579,137336.440741,0.716719499204,STRONG_PASS,OK
2.500,0.900,12.500,0.200,8.12894271576e-06,6.45249424336e-06,0.0928266009189,0.0736827812673,0.0400929072658,0.0318796426381,1.33643024219,1.06265475460,6.23313681838e-05,0.00348298788112,0.00351939576123,0.00207771227279,0.117313192041,0.0155803301735,0.0798491921390,0.0798491921390,0.100145674579,137336.440741,0.772734349930,STRONG_PASS,OK
2.500,0.900,15.000,0.100,8.12894271576e-06,6.45249424336e-06,0.0928266009189,0.0736827812673,0.0481114887190,0.0382555711658,1.60371629063,1.27518570553,6.23313681838e-05,0.00208979272867,0.00212620060878,0.00207771227279,0.0708733536260,0.00947295183140,0.0485488781359,0.0485488781359,0.100145674579,137336.440741,1.15815494170,FAIL,LOAD_FAIL;
2.500,0.900,15.000,0.150,8.12894271576e-06,6.45249424336e-06,0.0928266009189,0.0736827812673,0.0481114887190,0.0382555711658,1.60371629063,1.27518570553,6.23313681838e-05,0.00313468909301,0.00317109697312,0.00207771227279,0.105703232437,0.0140534855880,0.0720241136382,0.0720241136382,0.100145674579,137336.440741,0.923920802331,FAIL,LOAD_FAIL;
2.500,0.900,15.000,0.200,8.12894271576e-06,6.45249424336e-06,0.0928266009189,0.0736827812673,0.0481114887190,0.0382555711658,1.60371629063,1.27518570553,6.23313681838e-05,0.00417958545735,0.00421599333745,0.00207771227279,0.140533111248,0.0186340193445,0.0954993491406,0.0954993491406,0.100145674579,137336.440741,1.27221959044,FAIL,LOAD_FAIL;
2.500,1.000,5.000,0.100,8.19937803812e-06,6.47789358450e-06,0.0936309209624,0.0739728232305,0.0200946494604,0.0159834794664,0.669821648682,0.532782648880,6.23313681838e-05,0.000872591737282,0.000908999617386,0.00207771227279,0.0302999872462,0.00413485768015,0.0211911456108,0.0211911456108,0.100145674579,137336.440741,0.957271895233,FAIL,COF_FAIL;
2.500,1.000,5.000,0.150,8.19937803812e-06,6.47789358450e-06,0.0936309209624,0.0739728232305,0.0200946494604,0.0159834794664,0.669821648682,0.532782648880,6.23313681838e-05,0.00130888760592,0.00134529548603,0.00207771227279,0.0448431828676,0.00604634436108,0.0309875148506,0.0309875148506,0.100145674579,137336.440741,0.811839939019,FAIL,COF_FAIL;
2.500,1.000,5.000,0.200,8.19937803812e-06,6.47789358450e-06,0.0936309209624,0.0739728232305,0.0200946494604,0.0159834794664,0.669821648682,0.532782648880,6.23313681838e-05,0.00174518347456,0.00178159135467,0.00207771227279,0.0593863784889,0.00795783104202,0.0407838840903,0.0407838840903,0.100145674579,137336.440741,0.666407982806,STRONG_PASS,OK
2.500,1.000,7.500,0.100,8.19937803812e-06,6.47789358450e-06,0.0936309209624,0.0739728232305,0.0301419741907,0.0239752191996,1.00473247302,0.799173973320,6.23313681838e-05,0.00130888760592,0.00134529548603,0.00207771227279,0.0448431828676,0.00604634436108,0.0309875148506,0.0309875148506,0.100145674579,137336.440741,0.816572412042,FAIL,COF_FAIL;
2.500,1.000,7.500,0.150,8.19937803812e-06,6.47789358450e-06,0.0936309209624,0.0739728232305,0.0301419741907,0.0239752191996,1.00473247302,0.799173973320,6.23313681838e-05,0.00196333140888,0.00199973928899,0.00207771227279,0.0666579762996,0.00891357438248,0.0456820687102,0.0456820687102,0.100145674579,137336.440741,0.598424477721,STRONG_PASS,OK
2.500,1.000,7.500,0.200,8.19937803812e-06,6.47789358450e-06,0.0936309209624,0.0739728232305,0.0301419741907,0.0239752191996,1.00473247302,0.799173973320,6.23313681838e-05,0.00261777521185,0.00265418309195,0.00207771227279,0.0884727697316,0.0117808044039,0.0603766225699,0.0603766225699,0.100145674579,137336.440741,0.380276543401,STRONG_PASS,OK
2.500,1.000,10.000,0.100,8.19937803812e-06,6.47789358450e-06,0.0936309209624,0.0739728232305,0.0401892989209,0.0319669589328,1.33964329736,1.06556529776,6.23313681838e-05,0.00174518347456,0.00178159135467,0.00207771227279,0.0593863784889,0.00795783104202,0.0407838840903,0.0407838840903,0.100145674579,137336.440741,1.00605128017,STRONG_PASS,OK
2.500,1.000,10.000,0.150,8.19937803812e-06,6.47789358450e-06,0.0936309209624,0.0739728232305,0.0401892989209,0.0319669589328,1.33964329736,1.06556529776,6.23313681838e-05,0.00261777521185,0.00265418309195,0.00207771227279,0.0884727697316,0.0117808044039,0.0603766225699,0.0603766225699,0.100145674579,137336.440741,0.715187367742,STRONG_PASS,OK
2.500,1.000,10.000,0.200,8.19937803812e-06,6.47789358450e-06,0.0936309209624,0.0739728232305,0.0401892989209,0.0319669589328,1.33964329736,1.06556529776,6.23313681838e-05,0.00349036694913,0.00352677482923,0.00207771227279,0.117559160974,0.0156037777657,0.0799693610494,0.0799693610494,0.100145674579,137336.440741,0.775506674802,STRONG_PASS,OK
2.500,1.000,12.500,0.100,8.19937803812e-06,6.47789358450e-06,0.0936309209624,0.0739728232305,0.0502366236511,0.0399586986660,1.67455412170,1.33195662220,6.23313681838e-05,0.00218147934320,0.00221788722331,0.00207771227279,0.0739295741103,0.00986931772295,0.0505802533301,0.0505802533301,0.100145674579,137336.440741,1.19553014830,FAIL,LOAD_FAIL;
2.500,1.000,12.500,0.150,8.19937803812e-06,6.47789358450e-06,0.0936309209624,0.0739728232305,0.0502366236511,0.0399586986660,1.67455412170,1.33195662220,6.23313681838e-05,0.00327221901481,0.00330862689491,0.00207771227279,0.110287563164,0.0146480344253,0.0750711764296,0.0750711764296,0.100145674579,137336.440741,1.03770152104,FAIL,LOAD_FAIL;
2.500,1.000,12.500,0.200,8.19937803812e-06,6.47789358450e-06,0.0936309209624,0.0739728232305,0.0502366236511,0.0399586986660,1.67455412170,1.33195662220,6.23313681838e-05,0.00436295868641,0.00439936656651,0.00207771227279,0.146645552217,0.0194267511276,0.0995620995290,0.0995620995290,0.100145674579,137336.440741,1.40128141157,FAIL,LOAD_FAIL;
2.500,1.000,15.000,0.100,8.19937803812e-06,6.47789358450e-06,0.0936309209624,0.0739728232305,0.0602839483813,0.0479504383992,2.00946494604,1.59834794664,6.23313681838e-05,0.00261777521185,0.00265418309195,0.00207771227279,0.0884727697316,0.0117808044039,0.0603766225699,0.0603766225699,0.100145674579,137336.440741,1.38500901642,FAIL,LOAD_FAIL;
2.500,1.000,15.000,0.150,8.19937803812e-06,6.47789358450e-06,0.0936309209624,0.0739728232305,0.0602839483813,0.0479504383992,2.00946494604,1.59834794664,6.23313681838e-05,0.00392666281777,0.00396307069787,0.00207771227279,0.132102356596,0.0175152644467,0.0897657302892,0.0897657302892,0.100145674579,137336.440741,1.59076027970,FAIL,LOAD_FAIL;
2.500,1.000,15.000,0.200,8.19937803812e-06,6.47789358450e-06,0.0936309209624,0.0739728232305,0.0602839483813,0.0479504383992,2.00946494604,1.59834794664,6.23313681838e-05,0.00523555042369,0.00527195830379,0.00207771227279,0.175731943460,0.0232497244895,0.119154838009,0.119154838009,0.100145674579,137336.440741,2.02705614834,FAIL,COF_FAIL;LOAD_FAIL;
2.800,0.700,5.000,0.100,8.13789823708e-06,6.46268637908e-06,0.0929288664450,0.0737991680286,0.0200668827584,0.0159615125366,0.668896091946,0.532050417886,6.23313681838e-05,0.000871654395258,0.000908062275363,0.00207771227279,0.0302687425121,0.00413176588355,0.0211753001532,0.0211753001532,0.100145674579,137336.440741,0.959320894593,FAIL,COF_FAIL;
2.800,0.700,5.000,0.150,8.13789823708e-06,6.46268637908e-06,0.0929288664450,0.0737991680286,0.0200668827584,0.0159615125366,0.668896091946,0.532050417886,6.23313681838e-05,0.00130748159289,0.00134388947299,0.00207771227279,0.0447963157664,0.00604170666618,0.0309637466642,0.0309637466642,0.100145674579,137336.440741,0.814045162050,FAIL,COF_FAIL;
2.800,0.700,5.000,0.200,8.13789823708e-06,6.46268637908e-06,0.0929288664450,0.0737991680286,0.0200668827584,0.0159615125366,0.668896091946,0.532050417886,6.23313681838e-05,0.00174330879052,0.00177971667062,0.00207771227279,0.0593238890207,0.00795164744881,0.0407521931751,0.0407521931751,0.100145674579,137336.440741,0.668769429507,STRONG_PASS,OK
2.800,0.700,7.500,0.100,8.13789823708e-06,6.46268637908e-06,0.0929288664450,0.0737991680286,0.0301003241376,0.0239422688049,1.00334413792,0.798075626829,6.23313681838e-05,0.00130748159289,0.00134388947299,0.00207771227279,0.0447963157664,0.00604170666618,0.0309637466642,0.0309637466642,0.100145674579,137336.440741,0.817389299969,FAIL,COF_FAIL;
2.800,0.700,7.500,0.150,8.13789823708e-06,6.46268637908e-06,0.0929288664450,0.0737991680286,0.0301003241376,0.0239422688049,1.00334413792,0.798075626829,6.23313681838e-05,0.00196122238933,0.00199763026944,0.00207771227279,0.0665876756478,0.00890661784012,0.0456464164306,0.0456464164306,0.100145674579,137336.440741,0.599475701155,STRONG_PASS,OK
2.800,0.700,7.500,0.200,8.13789823708e-06,6.46268637908e-06,0.0929288664450,0.0737991680286,0.0301003241376,0.0239422688049,1.00334413792,0.798075626829,6.23313681838e-05,0.00261496318577,0.00265137106588,0.00207771227279,0.0883790355293,0.0117715290141,0.0603290861971,0.0603290861971,0.100145674579,137336.440741,0.381562102340,STRONG_PASS,OK
2.800,0.700,10.000,0.100,8.13789823708e-06,6.46268637908e-06,0.0929288664450,0.0737991680286,0.0401337655168,0.0319230250731,1.33779218389,1.06410083577,6.23313681838e-05,0.00174330879052,0.00177971667062,0.00207771227279,0.0593238890207,0.00795164744881,0.0407521931751,0.0407521931751,0.100145674579,137336.440741,1.00656161340,STRONG_PASS,OK
2.800,0.700,10.000,0.150,8.13789823708e-06,6.46268637908e-06,0.0929288664450,0.0737991680286,0.0401337655168,0.0319230250731,1.33779218389,1.06410083577,6.23313681838e-05,0.00261496318577,0.00265137106588,0.00207771227279,0.0883790355293,0.0117715290141,0.0603290861971,0.0603290861971,0.100145674579,137336.440741,0.716010148314,STRONG_PASS,OK
2.800,0.700,10.000,0.200,8.13789823708e-06,6.46268637908e-06,0.0929288664450,0.0737991680286,0.0401337655168,0.0319230250731,1.33779218389,1.06410083577,6.23313681838e-05,0.00348661758103,0.00352302546114,0.00207771227279,0.117434182038,0.0155914105793,0.0799059792190,0.0799059792190,0.100145674579,137336.440741,0.774142323986,STRONG_PASS,OK
2.800,0.700,12.500,0.100,8.13789823708e-06,6.46268637908e-06,0.0929288664450,0.0737991680286,0.0501672068960,0.0399037813414,1.67224022987,1.33012604471,6.23313681838e-05,0.00217913598815,0.00221554386825,0.00207771227279,0.0738514622750,0.00986158823144,0.0505406396861,0.0505406396861,0.100145674579,137336.440741,1.19573392683,FAIL,LOAD_FAIL;
2.800,0.700,12.500,0.150,8.13789823708e-06,6.46268637908e-06,0.0929288664450,0.0737991680286,0.0501672068960,0.0399037813414,1.67224022987,1.33012604471,6.23313681838e-05,0.00326870398222,0.00330511186232,0.00207771227279,0.110170395411,0.0146364401880,0.0750117559635,0.0750117559635,0.100145674579,137336.440741,1.03595250369,FAIL,LOAD_FAIL;
2.800,0.700,12.500,0.200,8.13789823708e-06,6.46268637908e-06,0.0929288664450,0.0737991680286,0.0501672068960,0.0399037813414,1.67224022987,1.33012604471,6.23313681838e-05,0.00435827197629,0.00439467985640,0.00207771227279,0.146489328547,0.0194112921446,0.0994828722410,0.0994828722410,0.100145674579,137336.440741,1.39914183504,FAIL,LOAD_FAIL;
2.800,0.700,15.000,0.100,8.13789823708e-06,6.46268637908e-06,0.0929288664450,0.0737991680286,0.0602006482752,0.0478845376097,2.00668827584,1.59615125366,6.23313681838e-05,0.00261496318577,0.00265137106588,0.00207771227279,0.0883790355293,0.0117715290141,0.0603290861971,0.0603290861971,0.100145674579,137336.440741,1.38490624026,FAIL,LOAD_FAIL;
2.800,0.700,15.000,0.150,8.13789823708e-06,6.46268637908e-06,0.0929288664450,0.0737991680286,0.0602006482752,0.0478845376097,2.00668827584,1.59615125366,6.23313681838e-05,0.00392244477866,0.00395885265877,0.00207771227279,0.131961755292,0.0175013513620,0.0896944257300,0.0896944257300,0.100145674579,137336.440741,1.58831414848,FAIL,LOAD_FAIL;
2.800,0.700,15.000,0.200,8.13789823708e-06,6.46268637908e-06,0.0929288664450,0.0737991680286,0.0602006482752,0.0478845376097,2.00668827584,1.59615125366,6.23313681838e-05,0.00522992637155,0.00526633425165,0.00207771227279,0.175544475055,0.0232311737098,0.119059765263,0.119059765263,0.100145674579,137336.440741,2.02414134610,FAIL,COF_FAIL;LOAD_FAIL;
2.800,0.800,5.000,0.100,8.25688306811e-06,6.48992072349e-06,0.0942875864916,0.0741101643916,0.0241544482428,0.0191985043324,0.805148274760,0.639950144413,6.23313681838e-05,0.00104808387866,0.00108449175876,0.00207771227279,0.0361497252922,0.00490309512430,0.0251283625120,0.0251283625120,0.100145674579,137336.440741,0.897401103162,FAIL,COF_FAIL;
2.800,0.800,5.000,0.150,8.25688306811e-06,6.48992072349e-06,0.0942875864916,0.0741101643916,0.0241544482428,0.0191985043324,0.805148274760,0.639950144413,6.23313681838e-05,0.00157212581799,0.00160853369810,0.00207771227279,0.0536177899365,0.00719870052730,0.0368933402024,0.0368933402024,0.100145674579,137336.440741,0.722720456719,STRONG_PASS,OK
2.800,0.800,5.000,0.200,8.25688306811e-06,6.48992072349e-06,0.0942875864916,0.0741101643916,0.0241544482428,0.0191985043324,0.805148274760,0.639950144413,6.23313681838e-05,0.00209616775732,0.00213257563743,0.00207771227279,0.0710858545809,0.00949430593031,0.0486583178928,0.0486583178928,0.100145674579,137336.440741,0.548039810275,STRONG_PASS,OK
2.800,0.800,7.500,0.100,8.25688306811e-06,6.48992072349e-06,0.0942875864916,0.0741101643916,0.0362316723642,0.0287977564986,1.20772241214,0.959925216620,6.23313681838e-05,0.00157212581799,0.00160853369810,0.00207771227279,0.0536177899365,0.00719870052730,0.0368933402024,0.0368933402024,0.100145674579,137336.440741,0.930442868859,STRONG_PASS,OK
2.800,0.800,7.500,0.150,8.25688306811e-06,6.48992072349e-06,0.0942875864916,0.0741101643916,0.0362316723642,0.0287977564986,1.20772241214,0.959925216620,6.23313681838e-05,0.00235818872699,0.00239459660709,0.00207771227279,0.0798198869030,0.0106421086318,0.0545408067380,0.0545408067380,0.100145674579,137336.440741,0.668421899194,STRONG_PASS,OK
2.800,0.800,7.500,0.200,8.25688306811e-06,6.48992072349e-06,0.0942875864916,0.0741101643916,0.0362316723642,0.0287977564986,1.20772241214,0.959925216620,6.23313681838e-05,0.00314425163598,0.00318065951609,0.00207771227279,0.106021983870,0.0140855167363,0.0721882732736,0.0721882732736,0.100145674579,137336.440741,0.526840606919,STRONG_PASS,OK
2.800,0.800,10.000,0.100,8.25688306811e-06,6.48992072349e-06,0.0942875864916,0.0741101643916,0.0483088964856,0.0383970086648,1.61029654952,1.27990028883,6.23313681838e-05,0.00209616775732,0.00213257563743,0.00207771227279,0.0710858545809,0.00949430593031,0.0486583178928,0.0486583178928,0.100145674579,137336.440741,1.15833635980,FAIL,LOAD_FAIL;
2.800,0.800,10.000,0.150,8.25688306811e-06,6.48992072349e-06,0.0942875864916,0.0741101643916,0.0483088964856,0.0383970086648,1.61029654952,1.27990028883,6.23313681838e-05,0.00314425163598,0.00318065951609,0.00207771227279,0.106021983870,0.0140855167363,0.0721882732736,0.0721882732736,0.100145674579,137336.440741,0.929414744299,FAIL,LOAD_FAIL;
2.800,0.800,10.000,0.200,8.25688306811e-06,6.48992072349e-06,0.0942875864916,0.0741101643916,0.0483088964856,0.0383970086648,1.61029654952,1.27990028883,6.23313681838e-05,0.00419233551464,0.00422874339475,0.00207771227279,0.140958113158,0.0186767275423,0.0957182286544,0.0957182286544,0.100145674579,137336.440741,1.27877603719,FAIL,LOAD_FAIL;
2.800,0.800,12.500,0.100,8.25688306811e-06,6.48992072349e-06,0.0942875864916,0.0741101643916,0.0603861206070,0.0479962608310,2.01287068690,1.59987536103,6.23313681838e-05,0.00262020969665,0.00265661757676,0.00207771227279,0.0885539192252,0.0117899113333,0.0604232955832,0.0604232955832,0.100145674579,137336.440741,1.38622985073,FAIL,LOAD_FAIL;
2.800,0.800,12.500,0.150,8.25688306811e-06,6.48992072349e-06,0.0942875864916,0.0741101643916,0.0603861206070,0.0479962608310,2.01287068690,1.59987536103,6.23313681838e-05,0.00393031454498,0.00396672242508,0.00207771227279,0.132224080836,0.0175289248408,0.0898357398092,0.0898357398092,0.100145674579,137336.440741,1.59400985134,FAIL,LOAD_FAIL;
2.800,0.800,12.500,0.200,8.25688306811e-06,6.48992072349e-06,0.0942875864916,0.0741101643916,0.0603861206070,0.0479962608310,2.01287068690,1.59987536103,6.23313681838e-05,0.00524041939330,0.00527682727341,0.00207771227279,0.175894242447,0.0232679383483,0.119248184035,0.119248184035,0.100145674579,137336.440741,2.03071146745,FAIL,COF_FAIL;LOAD_FAIL;
2.800,0.800,15.000,0.100,8.25688306811e-06,6.48992072349e-06,0.0942875864916,0.0741101643916,0.0724633447284,0.0575955129972,2.41544482428,1.91985043324,6.23313681838e-05,0.00314425163598,0.00318065951609,0.00207771227279,0.106021983870,0.0140855167363,0.0721882732736,0.0721882732736,0.100145674579,137336.440741,1.73456301906,FAIL,LOAD_FAIL;
2.800,0.800,15.000,0.150,8.25688306811e-06,6.48992072349e-06,0.0942875864916,0.0741101643916,0.0724633447284,0.0575955129972,2.41544482428,1.91985043324,6.23313681838e-05,0.00471637745397,0.00475278533408,0.00207771227279,0.158426177803,0.0209723329453,0.107483206345,0.107483206345,0.100145674579,137336.440741,2.25860495839,FAIL,COF_FAIL;LOAD_FAIL;
2.800,0.800,15.000,0.200,8.25688306811e-06,6.48992072349e-06,0.0942875864916,0.0741101643916,0.0724633447284,0.0575955129972,2.41544482428,1.91985043324,6.23313681838e-05,0.00628850327196,0.00632491115207,0.00207771227279,0.210830371736,0.0278591491543,0.142778139416,0.142778139416,0.100145674579,137336.440741,2.78264689772,FAIL,COF_FAIL;LOAD_FAIL;
2.800,0.900,5.000,0.100,8.40363924046e-06,6.51585010625e-06,0.0959634350146,0.0744062590437,0.0283189899562,0.0224509121679,0.943966331873,0.748363738929,6.23313681838e-05,0.00122606087193,0.00126246875203,0.00207771227279,0.0420822917344,0.00567885102484,0.0291041115023,0.0291041115023,0.100145674579,137336.440741,0.835114492220,FAIL,COF_FAIL;
2.800,0.900,5.000,0.150,8.40363924046e-06,6.51585010625e-06,0.0959634350146,0.0744062590437,0.0283189899562,0.0224509121679,0.943966331873,0.748363738929,6.23313681838e-05,0.00183909130789,0.00187549918799,0.00207771227279,0.0625166395998,0.00836233437812,0.0428569636878,0.0428569636878,0.100145674579,137336.440741,0.630771013565,STRONG_PASS,OK
2.800,0.900,5.000,0.200,8.40363924046e-06,6.51585010625e-06,0.0959634350146,0.0744062590437,0.0283189899562,0.0224509121679,0.943966331873,0.748363738929,6.23313681838e-05,0.00245212174385,0.00248852962396,0.00207771227279,0.0829509874653,0.0110458177314,0.0566098158734,0.0566098158734,0.100145674579,137336.440741,0.426427534911,STRONG_PASS,OK
2.800,0.900,7.500,0.100,8.40363924046e-06,6.51585010625e-06,0.0959634350146,0.0744062590437,0.0424784849343,0.0336763682518,1.41594949781,1.12254560839,6.23313681838e-05,0.00183909130789,0.00187549918799,0.00207771227279,0.0625166395998,0.00836233437812,0.0428569636878,0.0428569636878,0.100145674579,137336.440741,1.04672051137,STRONG_PASS,OK
2.800,0.900,7.500,0.150,8.40363924046e-06,6.51585010625e-06,0.0959634350146,0.0744062590437,0.0424784849343,0.0336763682518,1.41594949781,1.12254560839,6.23313681838e-05,0.00275863696184,0.00279504484194,0.00207771227279,0.0931681613980,0.0123875594080,0.0634862419662,0.0634862419662,0.100145674579,137336.440741,0.740205293393,STRONG_PASS,OK
2.800,0.900,7.500,0.200,8.40363924046e-06,6.51585010625e-06,0.0959634350146,0.0744062590437,0.0424784849343,0.0336763682518,1.41594949781,1.12254560839,6.23313681838e-05,0.00367818261578,0.00371459049589,0.00207771227279,0.123819683196,0.0164127844379,0.0841155202445,0.0841155202445,0.100145674579,137336.440741,0.910083739334,STRONG_PASS,OK
2.800,0.900,10.000,0.100,8.40363924046e-06,6.51585010625e-06,0.0959634350146,0.0744062590437,0.0566379799124,0.0449018243358,1.88793266375,1.49672747786,6.23313681838e-05,0.00245212174385,0.00248852962396,0.00207771227279,0.0829509874653,0.0110458177314,0.0566098158734,0.0566098158734,0.100145674579,137336.440741,1.31436019866,FAIL,LOAD_FAIL;
2.800,0.900,10.000,0.150,8.40363924046e-06,6.51585010625e-06,0.0959634350146,0.0744062590437,0.0566379799124,0.0449018243358,1.88793266375,1.49672747786,6.23313681838e-05,0.00367818261578,0.00371459049589,0.00207771227279,0.123819683196,0.0164127844379,0.0841155202445,0.0841155202445,0.100145674579,137336.440741,1.38206690527,FAIL,LOAD_FAIL;
2.800,0.900,10.000,0.200,8.40363924046e-06,6.51585010625e-06,0.0959634350146,0.0744062590437,0.0566379799124,0.0449018243358,1.88793266375,1.49672747786,6.23313681838e-05,0.00490424348771,0.00494065136781,0.00207771227279,0.164688378927,0.0217797511445,0.111621224616,0.111621224616,0.100145674579,137336.440741,1.79075386258,FAIL,COF_FAIL;LOAD_FAIL;
2.800,0.900,12.500,0.100,8.40363924046e-06,6.51585010625e-06,0.0959634350146,0.0744062590437,0.0707974748905,0.0561272804197,2.35991582968,1.87090934732,6.23313681838e-05,0.00306515217982,0.00310156005992,0.00207771227279,0.103385335331,0.0137293010847,0.0703626680589,0.0703626680589,0.100145674579,137336.440741,1.64970659255,FAIL,LOAD_FAIL;
2.800,0.900,12.500,0.150,8.40363924046e-06,6.51585010625e-06,0.0959634350146,0.0744062590437,0.0707974748905,0.0561272804197,2.35991582968,1.87090934732,6.23313681838e-05,0.00459772826973,0.00463413614983,0.00207771227279,0.154471204994,0.0204380094679,0.104744798523,0.104744798523,0.100145674579,137336.440741,2.16056528919,FAIL,COF_FAIL;LOAD_FAIL;
2.800,0.900,12.500,0.200,8.40363924046e-06,6.51585010625e-06,0.0959634350146,0.0744062590437,0.0707974748905,0.0561272804197,2.35991582968,1.87090934732,6.23313681838e-05,0.00613030435964,0.00616671223974,0.00207771227279,0.205557074658,0.0271467178510,0.139126928987,0.139126928987,0.100145674579,137336.440741,2.67142398583,FAIL,COF_FAIL;LOAD_FAIL;
2.800,0.900,15.000,0.100,8.40363924046e-06,6.51585010625e-06,0.0959634350146,0.0744062590437,0.0849569698686,0.0673527365036,2.83189899562,2.24509121679,6.23313681838e-05,0.00367818261578,0.00371459049589,0.00207771227279,0.123819683196,0.0164127844379,0.0841155202445,0.0841155202445,0.100145674579,137336.440741,2.32603323714,FAIL,LOAD_FAIL;
2.800,0.900,15.000,0.150,8.40363924046e-06,6.51585010625e-06,0.0959634350146,0.0744062590437,0.0849569698686,0.0673527365036,2.83189899562,2.24509121679,6.23313681838e-05,0.00551727392367,0.00555368180378,0.00207771227279,0.185122726793,0.0244632344978,0.125374076801,0.125374076801,0.100145674579,137336.440741,2.93906367311,FAIL,COF_FAIL;LOAD_FAIL;
2.800,0.900,15.000,0.200,8.40363924046e-06,6.51585010625e-06,0.0959634350146,0.0744062590437,0.0849569698686,0.0673527365036,2.83189899562,2.24509121679,6.23313681838e-05,0.00735636523156,0.00739277311167,0.00207771227279,0.246425770389,0.0325136845576,0.166632633358,0.166632633358,0.100145674579,137336.440741,3.55209410907,FAIL,COF_FAIL;LOAD_FAIL;
2.800,1.000,5.000,0.100,8.47560225332e-06,6.53184782288e-06,0.0967852001701,0.0745889413074,0.0325507233266,0.0257132562448,1.08502411089,0.857108541494,6.23313681838e-05,0.00140450316412,0.00144091104422,0.00207771227279,0.0480303681408,0.00645667860814,0.0330904778667,0.0330904778667,0.100145674579,137336.440741,0.858831016404,FAIL,COF_FAIL;
2.800,1.000,5.000,0.150,8.47560225332e-06,6.53184782288e-06,0.0967852001701,0.0745889413074,0.0325507233266,0.0257132562448,1.08502411089,0.857108541494,6.23313681838e-05,0.00210675474618,0.00214316262628,0.00207771227279,0.0714387542095,0.00952907575306,0.0488365132345,0.0488365132345,0.100145674579,137336.440741,0.624747155717,STRONG_PASS,OK
2.800,1.000,5.000,0.200,8.47560225332e-06,6.53184782288e-06,0.0967852001701,0.0745889413074,0.0325507233266,0.0257132562448,1.08502411089,0.857108541494,6.23313681838e-05,0.00280900632824,0.00284541420835,0.00207771227279,0.0948471402782,0.0126014728980,0.0645825486022,0.0645825486022,0.100145674579,137336.440741,0.390663295030,STRONG_PASS,OK
2.800,1.000,7.500,0.100,8.47560225332e-06,6.53184782288e-06,0.0967852001701,0.0745889413074,0.0488260849899,0.0385698843672,1.62753616633,1.28566281224,6.23313681838e-05,0.00210675474618,0.00214316262628,0.00207771227279,0.0714387542095,0.00952907575306,0.0488365132345,0.0488365132345,0.100145674579,137336.440741,1.16725921116,FAIL,LOAD_FAIL;
2.800,1.000,7.500,0.150,8.47560225332e-06,6.53184782288e-06,0.0967852001701,0.0745889413074,0.0488260849899,0.0385698843672,1.62753616633,1.28566281224,6.23313681838e-05,0.00316013211927,0.00319653999938,0.00207771227279,0.106551333313,0.0141376714705,0.0724555662861,0.0724555662861,0.100145674579,137336.440741,0.947160086380,FAIL,LOAD_FAIL;
2.800,1.000,7.500,0.200,8.47560225332e-06,6.53184782288e-06,0.0967852001701,0.0745889413074,0.0488260849899,0.0385698843672,1.62753616633,1.28566281224,6.23313681838e-05,0.00421350949236,0.00424991737247,0.00207771227279,0.141663912416,0.0187462671878,0.0960746193377,0.0960746193377,0.100145674579,137336.440741,1.29828587741,FAIL,LOAD_FAIL;
2.800,1.000,10.000,0.100,8.47560225332e-06,6.53184782288e-06,0.0967852001701,0.0745889413074,0.0651014466532,0.0514265124896,2.17004822177,1.71421708299,6.23313681838e-05,0.00280900632824,0.00284541420835,0.00207771227279,0.0948471402782,0.0126014728980,0.0645825486022,0.0645825486022,0.100145674579,137336.440741,1.47568740592,FAIL,LOAD_FAIL;
2.800,1.000,10.000,0.150,8.47560225332e-06,6.53184782288e-06,0.0967852001701,0.0745889413074,0.0651014466532,0.0514265124896,2.17004822177,1.71421708299,6.23313681838e-05,0.00421350949236,0.00424991737247,0.00207771227279,0.141663912416,0.0187462671878,0.0960746193377,0.0960746193377,0.100145674579,137336.440741,1.84079793285,FAIL,LOAD_FAIL;
2.800,1.000,10.000,0.200,8.47560225332e-06,6.53184782288e-06,0.0967852001701,0.0745889413074,0.0651014466532,0.0514265124896,2.17004822177,1.71421708299,6.23313681838e-05,0.00561801265648,0.00565442053659,0.00207771227279,0.188480684553,0.0248910614777,0.127566690073,0.127566690073,0.100145674579,137336.440741,2.30896565423,FAIL,COF_FAIL;LOAD_FAIL;
2.800,1.000,12.500,0.100,8.47560225332e-06,6.53184782288e-06,0.0967852001701,0.0745889413074,0.0813768083165,0.0642831406121,2.71256027722,2.14277135374,6.23313681838e-05,0.00351125791030,0.00354766579041,0.00207771227279,0.118255526347,0.0156738700429,0.0803285839699,0.0803285839699,0.100145674579,137336.440741,2.14922612761,FAIL,LOAD_FAIL;
2.800,1.000,12.500,0.150,8.47560225332e-06,6.53184782288e-06,0.0967852001701,0.0745889413074,0.0813768083165,0.0642831406121,2.71256027722,2.14277135374,6.23313681838e-05,0.00526688686545,0.00530329474556,0.00207771227279,0.176776491519,0.0233548629052,0.119693672389,0.119693672389,0.100145674579,137336.440741,2.73443577933,FAIL,COF_FAIL;LOAD_FAIL;
2.800,1.000,12.500,0.200,8.47560225332e-06,6.53184782288e-06,0.0967852001701,0.0745889413074,0.0813768083165,0.0642831406121,2.71256027722,2.14277135374,6.23313681838e-05,0.00702251582060,0.00705892370071,0.00207771227279,0.235297456690,0.0310358557675,0.159058760809,0.159058760809,0.100145674579,137336.440741,3.31964543104,FAIL,COF_FAIL;LOAD_FAIL;
2.800,1.000,15.000,0.100,8.47560225332e-06,6.53184782288e-06,0.0967852001701,0.0745889413074,0.0976521699798,0.0771397687345,3.25507233266,2.57132562448,6.23313681838e-05,0.00421350949236,0.00424991737247,0.00207771227279,0.141663912416,0.0187462671878,0.0960746193377,0.0960746193377,0.100145674579,137336.440741,2.92582204374,FAIL,LOAD_FAIL;
2.800,1.000,15.000,0.150,8.47560225332e-06,6.53184782288e-06,0.0967852001701,0.0745889413074,0.0976521699798,0.0771397687345,3.25507233266,2.57132562448,6.23313681838e-05,0.00632026423854,0.00635667211865,0.00207771227279,0.211889070622,0.0279634586226,0.143312725441,0.143312725441,0.100145674579,137336.440741,3.62807362580,FAIL,COF_FAIL;LOAD_FAIL;
2.800,1.000,15.000,0.200,8.47560225332e-06,6.53184782288e-06,0.0967852001701,0.0745889413074,0.0976521699798,0.0771397687345,3.25507233266,2.57132562448,6.23313681838e-05,0.00842701898472,0.00846342686483,0.00207771227279,0.282114228828,0.0371806500574,0.190550831544,0.190550831544,0.100145674579,137336.440741,4.33032520786,FAIL,COF_FAIL;LOAD_FAIL;
